Year,Employment Rate
2010,0.9199887212513823
2011,0.912401835995409
2012,0.9064017115832158
2013,0.9022028898898736
2014,0.9074015975791838
2015,0.9164414969558783
2016,0.9253043556613411
2017,0.9336233928977419
2018,0.9405562335654009
2019,0.9459262155852987
2020,0.945455241755059
2021,0.9443638827617462
2022,0.9461296752628914
